filename,class,xmin,ymin,xmax,ymax
road793.png,speedlimit,98,192,145,241
road793.png,speedlimit,94,312,107,326
road261.png,speedlimit,201,61,236,101
road771.png,speedlimit,139,155,176,194
road535.png,speedlimit,100,254,180,334
road376.png,speedlimit,39,193,136,289
road597.png,speedlimit,99,131,141,174
road597.png,crosswalk,70,188,101,218
road452.png,speedlimit,94,164,167,238
road158.png,crosswalk,168,112,225,170
road13.png,trafficlight,75,74,195,348
road466.png,speedlimit,66,59,152,142
road466.png,crosswalk,128,263,217,351
road466.png,trafficlight,68,246,122,392
road848.png,speedlimit,172,98,209,136
road153.png,crosswalk,111,0,346,299
road389.png,speedlimit,178,100,221,143
road692.png,speedlimit,98,99,166,167
road692.png,speedlimit,97,206,166,276
road448.png,speedlimit,81,186,111,216
road356.png,stop,110,67,209,166
road185.png,stop,183,174,194,191
road417.png,speedlimit,126,179,161,214
road320.png,speedlimit,158,215,207,264
road283.png,speedlimit,187,220,241,279
road642.png,speedlimit,97,178,177,257
road83.png,stop,181,171,231,218
road135.png,crosswalk,218,75,363,164
road677.png,speedlimit,123,200,153,232
road859.png,speedlimit,128,151,153,176
road791.png,speedlimit,122,199,153,232
road791.png,speedlimit,190,276,202,289
road465.png,crosswalk,126,259,192,326
road465.png,trafficlight,81,249,119,354
road465.png,speedlimit,85,108,146,167
road280.png,speedlimit,91,168,135,213
road605.png,speedlimit,73,93,137,157
road650.png,speedlimit,126,110,162,147
road720.png,speedlimit,99,194,127,222
road451.png,speedlimit,97,148,154,203
road284.png,speedlimit,111,133,165,187
road649.png,speedlimit,127,155,154,183
road229.png,speedlimit,120,171,140,191
road229.png,speedlimit,146,171,167,191
road664.png,speedlimit,85,200,157,273
road51.png,trafficlight,190,137,248,263
road235.png,speedlimit,136,227,151,241
road235.png,speedlimit,120,227,134,242
road743.png,speedlimit,67,138,94,164
road743.png,speedlimit,64,180,91,208
road666.png,speedlimit,111,219,221,336
road782.png,crosswalk,137,183,164,220
road782.png,speedlimit,96,108,143,157
road396.png,speedlimit,103,197,160,254
road425.png,speedlimit,85,198,140,253
road363.png,speedlimit,172,75,293,198
road316.png,speedlimit,115,138,181,202
road316.png,speedlimit,16,270,41,294
road316.png,crosswalk,0,334,33,371
road585.png,speedlimit,129,108,170,148
road522.png,speedlimit,127,170,159,203
road578.png,crosswalk,223,134,270,180
road578.png,speedlimit,223,92,265,133
road739.png,speedlimit,106,149,151,194
road739.png,speedlimit,104,222,149,267
road26.png,trafficlight,57,88,101,224
road26.png,trafficlight,101,86,142,217
road385.png,speedlimit,105,150,150,195
road781.png,speedlimit,57,190,92,226
road781.png,crosswalk,116,240,136,265
road827.png,speedlimit,120,111,178,170
road757.png,speedlimit,108,152,140,181
road670.png,speedlimit,129,145,189,205
road580.png,crosswalk,174,154,213,192
road580.png,crosswalk,269,259,277,270
road580.png,crosswalk,171,266,179,276
road368.png,speedlimit,76,166,128,217
road25.png,trafficlight,261,109,275,141
road25.png,trafficlight,288,114,299,141
road25.png,trafficlight,320,137,337,172
road419.png,speedlimit,41,176,91,227
road2.png,trafficlight,144,270,174,352
road186.png,crosswalk,192,168,220,197
road118.png,speedlimit,182,12,394,224
road636.png,stop,52,29,119,94
road350.png,speedlimit,90,180,173,263
road502.png,speedlimit,222,78,298,177
road136.png,crosswalk,299,71,334,113
road136.png,trafficlight,118,117,125,130
road658.png,crosswalk,82,173,115,205
road658.png,speedlimit,197,176,238,217
road658.png,speedlimit,21,211,47,237
road667.png,speedlimit,166,191,190,215
road786.png,speedlimit,97,155,124,181
road482.png,speedlimit,104,168,168,232
road482.png,crosswalk,263,194,300,290
road314.png,speedlimit,115,168,172,225
road314.png,speedlimit,38,272,63,298
road314.png,crosswalk,17,332,53,368
road196.png,speedlimit,132,94,204,164
road613.png,speedlimit,154,192,180,220
road56.png,stop,98,95,216,211
road521.png,speedlimit,177,151,228,200
road336.png,speedlimit,113,181,155,222
road112.png,speedlimit,137,12,272,152
road775.png,speedlimit,109,130,150,170
road199.png,speedlimit,62,117,96,153
road760.png,speedlimit,115,109,178,173
road635.png,stop,97,101,150,154
road486.png,speedlimit,124,175,149,199
road778.png,speedlimit,104,133,187,215
road276.png,speedlimit,109,139,130,159
road437.png,speedlimit,165,245,201,280
road468.png,speedlimit,150,217,190,258
road480.png,speedlimit,86,34,222,168
road708.png,speedlimit,121,139,192,213
road708.png,speedlimit,122,255,193,329
road495.png,crosswalk,129,200,190,260
road495.png,trafficlight,94,206,127,301
road61.png,stop,52,28,346,297
road164.png,trafficlight,123,132,176,202
road795.png,speedlimit,121,207,202,287
road221.png,speedlimit,131,185,154,208
road388.png,speedlimit,143,137,177,170
road447.png,speedlimit,109,183,132,204
road474.png,speedlimit,145,176,187,216
road342.png,speedlimit,149,1,267,96
road788.png,speedlimit,106,147,149,190
road694.png,speedlimit,101,128,202,230
road694.png,speedlimit,98,290,202,395
road181.png,speedlimit,225,154,248,177
road348.png,speedlimit,173,133,239,209
road648.png,speedlimit,152,186,173,207
road873.png,speedlimit,113,218,122,231
road873.png,speedlimit,85,164,121,201
road873.png,stop,210,238,222,251
road240.png,speedlimit,109,209,124,223
road240.png,speedlimit,125,209,138,223
road514.png,speedlimit,176,148,206,177
road852.png,speedlimit,126,147,150,170
road700.png,speedlimit,113,156,172,215
road700.png,speedlimit,115,248,169,307
road155.png,crosswalk,45,109,191,236
road34.png,trafficlight,21,4,177,386
road505.png,speedlimit,92,230,149,287
road866.png,speedlimit,56,150,103,195
road663.png,speedlimit,103,214,160,271
road341.png,speedlimit,145,156,176,189
road341.png,crosswalk,122,349,131,365
road647.png,speedlimit,143,157,158,172
road647.png,crosswalk,273,127,293,148
road713.png,speedlimit,99,211,150,261
road713.png,speedlimit,99,134,150,183
road738.png,speedlimit,119,169,155,205
road738.png,speedlimit,120,110,156,144
road653.png,speedlimit,161,219,181,240
road653.png,speedlimit,93,230,108,246
road653.png,crosswalk,117,211,136,229
road685.png,speedlimit,84,190,168,274
road730.png,speedlimit,139,207,176,242
road730.png,speedlimit,138,151,174,187
road418.png,speedlimit,135,197,179,241
road289.png,stop,61,140,146,227
road289.png,trafficlight,259,325,299,398
road611.png,speedlimit,74,180,131,242
road103.png,speedlimit,89,25,297,272
road281.png,speedlimit,126,139,169,184
road281.png,crosswalk,27,377,50,399
road72.png,stop,267,169,400,272
road679.png,speedlimit,135,178,176,222
road812.png,speedlimit,83,170,150,236
road455.png,speedlimit,164,184,199,221
road243.png,speedlimit,138,239,150,250
road243.png,speedlimit,152,239,163,250
road640.png,speedlimit,210,105,258,153
road640.png,speedlimit,62,184,82,204
road69.png,stop,87,63,313,251
road329.png,speedlimit,115,150,215,249
road820.png,trafficlight,79,224,90,247
road820.png,trafficlight,127,223,149,283
road820.png,trafficlight,116,243,128,281
road820.png,stop,121,171,156,206
road820.png,trafficlight,43,289,51,304
road820.png,trafficlight,55,281,66,305
road820.png,crosswalk,149,223,181,256
road820.png,crosswalk,247,280,259,297
road127.png,crosswalk,268,56,312,101
road127.png,trafficlight,359,24,376,59
road127.png,trafficlight,379,21,394,58
road347.png,speedlimit,128,117,155,145
road347.png,crosswalk,97,187,119,209
road313.png,speedlimit,126,132,199,206
road779.png,speedlimit,68,142,195,269
road867.png,speedlimit,73,125,124,176
road383.png,speedlimit,125,219,156,249
road741.png,speedlimit,98,202,176,283
road741.png,speedlimit,99,77,179,156
road22.png,trafficlight,108,43,150,182
road22.png,trafficlight,54,47,105,149
road22.png,stop,146,228,284,370
road270.png,stop,91,126,139,175
road270.png,trafficlight,200,233,257,318
road270.png,crosswalk,237,228,272,278
road440.png,speedlimit,63,221,122,280
road831.png,speedlimit,69,108,169,204
road770.png,speedlimit,138,164,171,194
road298.png,speedlimit,156,163,188,197
road716.png,speedlimit,177,211,195,230
road716.png,speedlimit,150,210,169,229
road354.png,stop,80,109,170,199
road657.png,speedlimit,53,208,76,231
road657.png,speedlimit,194,182,229,217
road657.png,crosswalk,101,176,131,204
road734.png,speedlimit,133,142,228,240
road734.png,speedlimit,144,292,241,389
road370.png,speedlimit,110,166,157,214
road697.png,speedlimit,103,166,134,198
road697.png,speedlimit,102,216,132,247
road785.png,speedlimit,74,65,168,160
road785.png,crosswalk,260,312,292,347
road184.png,speedlimit,177,137,258,216
road477.png,speedlimit,79,147,147,214
road287.png,speedlimit,147,99,193,146
road287.png,speedlimit,47,320,58,331
road287.png,trafficlight,39,331,48,347
road171.png,crosswalk,138,209,165,245
road3.png,trafficlight,178,134,236,261
road428.png,speedlimit,63,102,173,216
road226.png,speedlimit,134,175,156,197
road226.png,speedlimit,164,176,187,198
road226.png,crosswalk,230,131,282,183
road37.png,trafficlight,116,103,156,230
road201.png,speedlimit,109,174,180,245
road223.png,speedlimit,137,165,159,187
road630.png,stop,127,144,154,171
road824.png,stop,102,14,203,122
road824.png,crosswalk,209,170,286,282
road824.png,trafficlight,146,153,222,349
road824.png,trafficlight,86,233,135,368
road77.png,stop,171,14,382,234
road656.png,crosswalk,72,155,99,181
road656.png,speedlimit,151,162,181,194
road656.png,speedlimit,31,185,51,206
road714.png,speedlimit,66,176,126,236
road714.png,speedlimit,64,271,125,332
road318.png,crosswalk,68,211,165,307
road318.png,speedlimit,66,92,163,188
road222.png,speedlimit,154,188,168,201
road627.png,speedlimit,96,148,169,221
road4.png,trafficlight,20,109,81,237
road4.png,trafficlight,116,162,163,272
road4.png,trafficlight,189,189,233,295
road380.png,speedlimit,105,2,175,90
road842.png,speedlimit,74,153,125,203
road842.png,crosswalk,107,344,159,399
road659.png,speedlimit,164,189,214,239
road659.png,crosswalk,9,190,48,228
road858.png,speedlimit,119,144,140,164
road802.png,speedlimit,133,204,156,226
road268.png,speedlimit,94,127,124,158
road823.png,stop,108,49,192,135
road823.png,crosswalk,189,174,259,265
road823.png,trafficlight,139,168,197,323
road823.png,trafficlight,96,227,134,333
road416.png,speedlimit,67,98,148,180
road122.png,crosswalk,20,24,209,237
road634.png,stop,123,83,168,128
road249.png,speedlimit,145,239,156,251
road488.png,speedlimit,182,125,220,164
road92.png,stop,126,36,268,212
road91.png,stop,155,243,247,358
road483.png,speedlimit,9,181,91,262
road123.png,crosswalk,151,73,271,195
road195.png,trafficlight,135,177,189,250
road165.png,crosswalk,119,83,174,162
road9.png,trafficlight,81,119,158,336
road586.png,speedlimit,121,59,180,115
road211.png,speedlimit,164,176,194,206
road423.png,speedlimit,101,180,141,219
road507.png,speedlimit,63,158,150,244
road844.png,speedlimit,109,87,189,166
road225.png,speedlimit,162,212,172,222
road865.png,speedlimit,156,85,191,120
road865.png,crosswalk,39,235,47,243
road566.png,speedlimit,77,238,127,289
road292.png,speedlimit,143,85,197,141
road292.png,trafficlight,10,364,20,384
road292.png,speedlimit,19,351,32,365
road430.png,speedlimit,176,238,224,286
road590.png,speedlimit,67,181,105,218
road638.png,speedlimit,194,154,219,178
road638.png,speedlimit,88,197,101,210
road0.png,trafficlight,98,62,208,232
road257.png,speedlimit,129,165,147,183
road631.png,stop,146,137,178,168
road551.png,speedlimit,111,210,171,272
road303.png,stop,48,50,187,196
road150.png,crosswalk,181,55,296,175
road152.png,crosswalk,125,37,276,185
road804.png,speedlimit,177,178,215,216
road113.png,speedlimit,171,38,307,186
road39.png,trafficlight,89,9,218,366
road402.png,speedlimit,109,247,144,281
road409.png,speedlimit,130,146,155,171
road332.png,speedlimit,60,160,165,263
road209.png,speedlimit,93,144,172,231
road819.png,stop,100,155,125,180
road819.png,trafficlight,103,192,119,232
road819.png,trafficlight,97,206,104,231
road819.png,trafficlight,91,168,101,190
road819.png,trafficlight,71,218,81,239
road819.png,trafficlight,62,223,71,238
road394.png,speedlimit,167,188,206,227
road756.png,speedlimit,86,223,112,249
road796.png,speedlimit,133,170,154,191
road413.png,speedlimit,146,184,180,218
road41.png,trafficlight,186,1,218,75
road41.png,trafficlight,92,141,116,183
road86.png,stop,143,80,254,190
road42.png,trafficlight,177,184,221,297
road42.png,trafficlight,131,188,178,289
road479.png,speedlimit,30,50,134,151
road548.png,crosswalk,60,314,132,391
road548.png,speedlimit,109,96,188,175
road415.png,speedlimit,153,203,217,268
road626.png,speedlimit,103,142,162,202
road742.png,speedlimit,146,178,168,201
road742.png,speedlimit,144,214,167,236
road855.png,speedlimit,94,86,134,125
road335.png,speedlimit,107,132,146,170
road295.png,speedlimit,126,117,141,132
road637.png,stop,122,88,211,175
road805.png,speedlimit,163,141,220,197
road524.png,speedlimit,114,192,156,234
road603.png,speedlimit,90,147,127,185
road23.png,trafficlight,216,126,242,179
road473.png,speedlimit,92,112,237,257
road1.png,trafficlight,154,63,258,281
road748.png,speedlimit,72,210,91,228
road748.png,speedlimit,96,209,114,227
road783.png,speedlimit,55,112,115,171
road591.png,speedlimit,10,200,57,246
road373.png,speedlimit,110,157,149,196
road472.png,speedlimit,0,198,95,307
road546.png,crosswalk,180,212,260,292
road546.png,crosswalk,71,305,119,354
road546.png,speedlimit,95,172,143,221
road721.png,speedlimit,116,190,149,224
road624.png,speedlimit,94,136,135,178
road807.png,speedlimit,133,200,150,216
road803.png,speedlimit,143,219,173,249
road411.png,speedlimit,119,77,162,119
road696.png,speedlimit,139,215,165,242
road696.png,speedlimit,139,257,164,282
road772.png,speedlimit,137,185,154,204
road10.png,trafficlight,106,3,244,263
road674.png,stop,157,159,180,183
road674.png,speedlimit,64,198,72,206
road587.png,speedlimit,125,197,147,218
road66.png,stop,95,23,311,227
road293.png,speedlimit,96,247,150,306
road60.png,stop,9,9,392,392
road420.png,speedlimit,128,215,191,277
road441.png,speedlimit,117,117,189,191
road710.png,speedlimit,133,134,164,165
road710.png,speedlimit,132,184,164,214
road367.png,speedlimit,111,151,149,189
road367.png,crosswalk,36,267,48,289
road104.png,speedlimit,48,14,344,345
road310.png,speedlimit,157,171,204,224
road822.png,trafficlight,35,308,58,352
road822.png,trafficlight,96,206,122,278
road822.png,trafficlight,124,167,163,277
road822.png,crosswalk,156,166,214,231
road822.png,stop,106,77,168,140
road822.png,crosswalk,183,317,201,340
road575.png,speedlimit,67,119,105,155
road575.png,crosswalk,67,157,108,197
road88.png,stop,109,146,183,223
road382.png,speedlimit,110,139,160,186
road839.png,speedlimit,115,127,145,155
road839.png,crosswalk,137,237,166,267
road510.png,speedlimit,89,201,133,245
road484.png,speedlimit,54,122,165,228
road129.png,crosswalk,111,76,211,171
road129.png,trafficlight,230,42,295,212
road671.png,speedlimit,161,176,178,193
road671.png,stop,75,202,84,211
road424.png,speedlimit,57,220,103,265
road182.png,speedlimit,85,136,103,154
road723.png,speedlimit,115,185,160,230
road595.png,speedlimit,125,152,153,179
road687.png,speedlimit,90,251,118,279
road687.png,speedlimit,92,205,120,233
road828.png,speedlimit,114,117,179,182
road145.png,crosswalk,132,29,264,166
road106.png,speedlimit,101,150,163,226
road105.png,speedlimit,27,146,281,377
road194.png,crosswalk,83,162,155,239
road194.png,trafficlight,193,220,224,300
road297.png,speedlimit,221,176,252,211
road168.png,crosswalk,170,172,203,206
road542.png,speedlimit,100,285,144,324
road542.png,crosswalk,60,343,69,356
road217.png,speedlimit,168,163,191,185
road266.png,speedlimit,133,110,174,154
road242.png,speedlimit,119,162,149,192
road242.png,speedlimit,150,163,178,193
road629.png,speedlimit,146,96,250,203
road238.png,speedlimit,134,151,151,168
road238.png,speedlimit,154,152,170,168
road265.png,speedlimit,140,237,172,273
road216.png,speedlimit,138,193,157,211
road501.png,speedlimit,75,147,140,232
road18.png,trafficlight,90,39,217,280
road565.png,speedlimit,132,238,184,291
road715.png,speedlimit,81,130,163,213
road715.png,speedlimit,85,4,166,85
road31.png,trafficlight,213,128,243,196
road31.png,trafficlight,173,127,205,197
road850.png,speedlimit,79,123,97,141
road27.png,trafficlight,89,157,118,226
road27.png,trafficlight,61,162,91,234
road378.png,speedlimit,75,168,200,294
road63.png,stop,132,29,333,254
road732.png,speedlimit,99,97,159,157
road732.png,speedlimit,104,189,165,250
road252.png,speedlimit,165,203,180,218
road89.png,stop,249,36,301,91
road124.png,crosswalk,68,125,205,275
road124.png,trafficlight,230,117,331,284
road124.png,trafficlight,178,298,258,397
road124.png,trafficlight,265,298,332,398
road608.png,speedlimit,77,305,107,337
road608.png,crosswalk,49,318,77,343
road762.png,speedlimit,119,198,140,220
road719.png,speedlimit,116,209,141,234
road432.png,speedlimit,142,191,165,214
road564.png,crosswalk,141,305,217,382
road564.png,speedlimit,143,231,217,302
road8.png,trafficlight,91,72,129,136
road8.png,trafficlight,245,104,274,163
road272.png,stop,123,179,159,216
road272.png,trafficlight,206,261,251,325
road272.png,crosswalk,235,258,265,295
road272.png,crosswalk,228,344,246,365
road410.png,speedlimit,145,112,177,143
road359.png,speedlimit,88,202,116,230
road847.png,speedlimit,103,159,133,187
road847.png,trafficlight,271,217,295,284
road365.png,speedlimit,105,155,158,207
road538.png,speedlimit,115,169,149,205
road107.png,speedlimit,90,37,233,232
road816.png,speedlimit,92,180,143,231
road733.png,speedlimit,113,88,188,161
road733.png,speedlimit,118,200,192,274
road744.png,speedlimit,138,170,174,207
road744.png,speedlimit,135,227,172,262
road450.png,speedlimit,120,155,165,201
road176.png,crosswalk,117,74,193,182
road176.png,trafficlight,36,92,90,249
road860.png,speedlimit,47,138,82,172
road202.png,speedlimit,161,196,209,244
road33.png,trafficlight,23,6,178,387
road438.png,speedlimit,33,261,76,303
road798.png,speedlimit,196,144,229,175
road170.png,crosswalk,170,183,203,214
road170.png,trafficlight,87,168,114,217
road170.png,trafficlight,207,168,225,221
road170.png,crosswalk,142,232,149,239
road167.png,crosswalk,84,159,136,234
road167.png,stop,85,22,144,120
road302.png,stop,154,137,183,167
road302.png,speedlimit,158,167,187,198
road838.png,speedlimit,105,161,129,184
road838.png,crosswalk,120,244,145,272
road784.png,speedlimit,106,106,180,183
road784.png,crosswalk,76,251,115,300
road864.png,crosswalk,44,249,52,256
road864.png,speedlimit,123,123,154,154
road306.png,stop,61,100,157,198
road7.png,trafficlight,120,145,159,218
road702.png,speedlimit,131,165,158,196
road702.png,speedlimit,131,213,158,243
road361.png,speedlimit,102,139,154,192
road361.png,crosswalk,102,203,156,257
road481.png,speedlimit,90,230,144,284
road481.png,crosswalk,206,269,280,349
road481.png,trafficlight,267,194,299,368
road593.png,speedlimit,74,66,151,142
road618.png,speedlimit,133,166,167,200
road797.png,speedlimit,183,161,208,186
road50.png,trafficlight,136,102,155,154
road62.png,stop,126,113,215,201
road134.png,crosswalk,196,48,337,219
road54.png,stop,43,60,258,273
road547.png,speedlimit,100,150,157,206
road547.png,crosswalk,225,170,299,270
road547.png,crosswalk,71,304,120,357
road717.png,speedlimit,90,219,109,240
road717.png,speedlimit,116,220,136,240
road49.png,trafficlight,84,34,124,117
road49.png,trafficlight,134,121,151,154
road463.png,speedlimit,100,70,182,155
road463.png,crosswalk,161,279,251,367
road463.png,trafficlight,96,265,150,400
road299.png,speedlimit,97,184,178,264
road487.png,speedlimit,156,154,189,186
road324.png,crosswalk,145,206,214,274
road321.png,speedlimit,134,172,176,212
road321.png,crosswalk,73,286,101,315
road321.png,speedlimit,95,232,110,253
road489.png,speedlimit,130,143,177,188
road220.png,speedlimit,125,154,139,169
road471.png,speedlimit,51,157,128,232
road308.png,speedlimit,97,132,137,172
road73.png,stop,169,35,348,224
road73.png,trafficlight,79,81,124,160
road596.png,speedlimit,134,138,168,172
road596.png,crosswalk,119,180,140,205
road15.png,trafficlight,186,102,227,157
road718.png,speedlimit,146,192,167,214
road718.png,speedlimit,177,194,199,216
road870.png,speedlimit,173,51,276,153
road729.png,speedlimit,114,159,143,188
road729.png,speedlimit,114,203,143,232
road215.png,speedlimit,111,125,135,150
road44.png,trafficlight,95,50,115,95
road44.png,trafficlight,190,86,208,125
road331.png,speedlimit,102,112,161,171
road331.png,crosswalk,102,183,160,242
road512.png,speedlimit,141,170,166,195
road353.png,speedlimit,103,166,162,228
road146.png,crosswalk,137,17,264,142
road544.png,crosswalk,148,276,202,330
road544.png,crosswalk,92,323,128,360
road544.png,speedlimit,107,223,145,260
road523.png,speedlimit,98,170,134,207
road264.png,speedlimit,136,152,194,210
road175.png,speedlimit,172,180,225,237
road457.png,speedlimit,157,138,217,201
road563.png,speedlimit,131,208,194,269
road563.png,crosswalk,130,272,195,335
road558.png,speedlimit,139,295,245,400
road469.png,speedlimit,129,183,176,230
road203.png,speedlimit,176,145,226,193
road200.png,crosswalk,52,195,108,257
road200.png,trafficlight,134,241,156,304
road200.png,trafficlight,201,320,210,349
road200.png,trafficlight,213,324,220,349
road707.png,speedlimit,103,86,159,145
road707.png,speedlimit,104,178,161,235
road728.png,speedlimit,100,179,126,204
road728.png,speedlimit,100,138,127,164
road665.png,speedlimit,55,302,145,395
road460.png,crosswalk,149,311,228,390
road460.png,trafficlight,91,297,138,399
road460.png,speedlimit,99,125,170,200
road759.png,speedlimit,119,165,166,212
road138.png,crosswalk,170,68,227,125
road872.png,speedlimit,84,203,117,236
road872.png,stop,222,262,233,276
road271.png,speedlimit,127,170,172,215
road433.png,speedlimit,92,206,130,243
road688.png,speedlimit,125,212,158,245
road688.png,speedlimit,125,161,158,193
road160.png,crosswalk,180,190,235,248
road160.png,crosswalk,141,267,148,276
road160.png,stop,180,89,233,137
road57.png,stop,24,35,284,274
road395.png,speedlimit,163,198,210,243
road78.png,stop,72,38,153,112
road248.png,speedlimit,167,205,192,229
road248.png,speedlimit,170,243,193,268
road599.png,speedlimit,98,51,204,155
road435.png,speedlimit,9,203,69,263
road355.png,speedlimit,95,122,151,175
road74.png,stop,208,20,351,158
road384.png,speedlimit,107,160,145,197
road177.png,speedlimit,101,19,197,135
road690.png,speedlimit,99,152,141,192
road690.png,speedlimit,99,217,139,258
road727.png,speedlimit,146,201,167,221
road727.png,speedlimit,145,166,168,187
road576.png,crosswalk,57,154,99,195
road576.png,speedlimit,57,114,95,150
road279.png,speedlimit,128,106,244,221
road536.png,speedlimit,179,179,273,272
road536.png,crosswalk,88,393,107,400
road190.png,crosswalk,85,133,131,181
road545.png,speedlimit,77,198,122,241
road545.png,crosswalk,140,245,209,314
road545.png,crosswalk,56,315,100,359
road233.png,speedlimit,124,194,143,214
road233.png,speedlimit,147,196,163,213
road344.png,speedlimit,122,208,179,265
road439.png,speedlimit,50,290,102,342
road519.png,speedlimit,159,175,187,202
road256.png,speedlimit,151,94,207,149
road14.png,trafficlight,153,202,221,347
road371.png,speedlimit,67,219,152,301
road311.png,speedlimit,38,88,156,205
road311.png,crosswalk,41,231,159,348
road513.png,speedlimit,160,161,186,187
road740.png,speedlimit,114,118,173,176
road740.png,speedlimit,111,210,170,269
road111.png,speedlimit,35,92,101,159
road193.png,crosswalk,110,110,163,166
road193.png,trafficlight,45,59,90,150
road745.png,speedlimit,45,201,88,244
road745.png,speedlimit,50,133,93,177
road274.png,speedlimit,165,272,220,330
road467.png,speedlimit,146,171,169,194
road617.png,speedlimit,127,170,152,195
road617.png,crosswalk,15,203,26,214
road607.png,speedlimit,186,186,232,231
road705.png,speedlimit,91,156,125,189
road705.png,speedlimit,91,210,125,241
road381.png,speedlimit,126,157,166,195
road712.png,speedlimit,98,140,139,182
road712.png,speedlimit,97,205,138,246
road64.png,stop,55,11,382,278
road811.png,speedlimit,108,180,162,232
road849.png,speedlimit,115,131,130,148
road449.png,speedlimit,93,176,129,213
road403.png,speedlimit,107,164,171,230
road614.png,speedlimit,251,82,299,143
road278.png,stop,109,161,149,202
road278.png,trafficlight,200,252,249,322
road278.png,crosswalk,230,247,258,285
road278.png,crosswalk,217,347,234,366
road204.png,crosswalk,127,125,236,233
road582.png,trafficlight,185,228,201,270
road582.png,trafficlight,97,124,114,168
road582.png,crosswalk,201,245,224,269
road207.png,speedlimit,176,184,197,206
road207.png,crosswalk,33,214,75,255
road736.png,speedlimit,113,156,134,178
road736.png,speedlimit,112,193,133,214
road754.png,speedlimit,85,100,163,178
road754.png,speedlimit,180,99,254,176
road500.png,speedlimit,141,178,201,253
road458.png,speedlimit,67,116,139,189
road875.png,speedlimit,50,248,61,261
road875.png,speedlimit,105,141,160,194
road875.png,stop,164,267,178,284
road767.png,speedlimit,104,153,170,220
road234.png,speedlimit,142,249,153,260
road234.png,speedlimit,156,248,167,260
road179.png,trafficlight,193,140,202,161
road179.png,trafficlight,235,179,243,199
road179.png,trafficlight,32,181,40,200
road179.png,trafficlight,42,183,49,201
road179.png,crosswalk,248,180,254,192
road504.png,speedlimit,92,230,139,277
road401.png,speedlimit,163,190,221,247
road755.png,speedlimit,161,193,183,215
road676.png,stop,155,151,193,190
road571.png,speedlimit,110,281,156,333
road323.png,speedlimit,136,204,220,288
road323.png,stop,131,128,208,204
road262.png,speedlimit,105,142,132,169
road583.png,crosswalk,218,230,250,265
road583.png,trafficlight,66,55,87,114
road583.png,trafficlight,196,204,219,267
road46.png,trafficlight,71,174,131,278
road826.png,crosswalk,172,164,188,189
road826.png,trafficlight,157,157,174,201
road826.png,trafficlight,144,176,155,204
road826.png,trafficlight,87,231,98,247
road826.png,trafficlight,59,238,63,245
road826.png,trafficlight,69,219,73,227
road826.png,crosswalk,219,231,228,240
road826.png,crosswalk,127,236,132,242
road352.png,speedlimit,100,130,148,177
road375.png,speedlimit,81,213,156,287
road210.png,speedlimit,179,135,199,156
road722.png,speedlimit,127,207,166,246
road735.png,speedlimit,118,202,137,220
road735.png,speedlimit,118,232,135,250
road346.png,speedlimit,87,207,152,273
road768.png,speedlimit,108,194,133,218
road98.png,stop,138,17,376,245
road358.png,speedlimit,92,194,124,226
road358.png,crosswalk,27,294,37,313
road818.png,speedlimit,133,164,235,269
road162.png,speedlimit,129,191,158,229
road810.png,speedlimit,129,175,169,215
road426.png,speedlimit,84,110,151,176
road143.png,crosswalk,32,73,148,191
road227.png,speedlimit,141,181,153,193
road227.png,speedlimit,157,183,168,194
road675.png,speedlimit,22,217,31,226
road675.png,stop,149,166,178,196
road32.png,trafficlight,48,33,194,356
road282.png,speedlimit,133,161,167,193
road282.png,crosswalk,75,337,94,358
road282.png,crosswalk,84,363,97,377
road422.png,speedlimit,98,206,116,223
road24.png,trafficlight,70,174,128,286
road492.png,speedlimit,110,137,182,208
road364.png,speedlimit,89,171,154,235
road863.png,speedlimit,128,157,152,182
road863.png,crosswalk,88,253,97,262
road338.png,speedlimit,78,284,155,363
road517.png,speedlimit,114,141,199,225
road5.png,trafficlight,46,30,221,292
road643.png,speedlimit,80,182,112,214
road876.png,stop,83,297,97,314
road806.png,speedlimit,105,99,186,179
road834.png,speedlimit,121,144,156,179
road612.png,speedlimit,91,246,164,325
road698.png,speedlimit,83,137,122,176
road698.png,speedlimit,84,199,122,237
road45.png,trafficlight,150,78,193,177
road684.png,speedlimit,92,231,159,297
road573.png,crosswalk,69,315,163,399
road573.png,speedlimit,65,214,159,308
road36.png,trafficlight,51,108,98,205
road36.png,trafficlight,104,93,145,204
road36.png,trafficlight,147,104,174,202
road130.png,crosswalk,162,30,181,50
road130.png,crosswalk,305,131,329,154
road38.png,trafficlight,31,0,83,102
road38.png,trafficlight,273,136,334,243
road142.png,crosswalk,88,98,204,222
road239.png,speedlimit,176,229,185,238
road765.png,speedlimit,135,173,168,203
road557.png,speedlimit,52,127,140,214
road615.png,speedlimit,121,193,136,208
road615.png,crosswalk,61,204,71,215
road294.png,speedlimit,137,102,232,197
road622.png,speedlimit,68,92,100,125
road244.png,speedlimit,155,212,174,231
road244.png,speedlimit,176,212,193,230
road288.png,speedlimit,101,172,136,207
road337.png,speedlimit,110,198,222,311
road632.png,stop,96,167,132,203
road255.png,speedlimit,101,67,150,116
road559.png,speedlimit,147,186,184,223
road559.png,crosswalk,146,226,184,262
road20.png,trafficlight,131,135,190,271
road421.png,speedlimit,116,160,195,239
road616.png,speedlimit,115,161,135,180
road616.png,crosswalk,37,182,47,192
road830.png,speedlimit,81,104,165,185
road21.png,trafficlight,135,53,154,91
road21.png,trafficlight,82,169,97,199
road21.png,trafficlight,162,57,186,105
road21.png,trafficlight,97,172,108,198
road21.png,trafficlight,134,96,153,110
road189.png,crosswalk,91,122,141,179
road189.png,crosswalk,157,202,172,225
road746.png,speedlimit,92,153,145,208
road746.png,speedlimit,85,237,139,291
road436.png,speedlimit,164,144,243,224
road529.png,speedlimit,170,151,249,249
road691.png,speedlimit,125,194,174,242
road691.png,speedlimit,126,117,175,166
road446.png,speedlimit,124,110,190,179
road263.png,speedlimit,122,137,188,210
road843.png,speedlimit,78,128,141,190
road843.png,crosswalk,121,373,187,400
road639.png,speedlimit,139,230,182,272
road639.png,speedlimit,13,300,31,319
road110.png,speedlimit,196,10,377,181
road180.png,crosswalk,79,76,165,197
road840.png,speedlimit,120,99,156,134
road840.png,crosswalk,144,232,181,270
road59.png,stop,181,57,376,246
road794.png,speedlimit,101,213,163,275
road794.png,speedlimit,19,370,32,386
road589.png,speedlimit,101,171,131,200
road427.png,speedlimit,95,162,176,244
road214.png,speedlimit,127,166,145,185
road681.png,speedlimit,139,250,177,287
road681.png,crosswalk,0,271,20,292
road71.png,stop,58,55,203,203
road462.png,crosswalk,151,319,237,399
road462.png,trafficlight,87,305,138,400
road462.png,speedlimit,91,115,171,199
road154.png,crosswalk,357,82,378,100
road154.png,crosswalk,84,107,94,119
road95.png,stop,90,101,268,257
road208.png,speedlimit,121,103,200,190
road386.png,speedlimit,134,154,195,214
road532.png,crosswalk,65,306,84,328
road532.png,crosswalk,196,304,210,323
road532.png,crosswalk,115,319,128,336
road532.png,speedlimit,172,216,223,267
road554.png,speedlimit,87,257,142,311
road554.png,crosswalk,0,354,20,387
road606.png,speedlimit,77,44,172,138
road533.png,speedlimit,154,238,212,297
road533.png,crosswalk,78,363,94,381
road533.png,crosswalk,165,348,179,366
road533.png,crosswalk,27,348,49,372
road550.png,speedlimit,124,169,181,226
road387.png,speedlimit,124,125,153,154
road178.png,crosswalk,52,134,115,201
road326.png,speedlimit,160,50,242,128
road668.png,speedlimit,157,177,188,208
road668.png,crosswalk,153,293,161,303
road188.png,speedlimit,61,171,138,252
road304.png,speedlimit,79,184,111,216
road325.png,speedlimit,99,165,151,218
road325.png,trafficlight,40,248,70,294
road654.png,speedlimit,114,189,138,212
road654.png,speedlimit,32,199,49,217
road654.png,crosswalk,62,178,84,200
road245.png,speedlimit,137,196,158,218
road245.png,speedlimit,161,197,182,217
road549.png,speedlimit,125,82,218,173
road549.png,crosswalk,67,343,155,400
road539.png,speedlimit,164,256,200,292
road322.png,speedlimit,104,149,150,212
road219.png,speedlimit,131,181,143,191
road787.png,speedlimit,116,170,148,201
road619.png,speedlimit,131,147,183,202
road814.png,speedlimit,120,159,153,193
road594.png,speedlimit,160,1,277,109
road704.png,speedlimit,140,219,168,247
road704.png,speedlimit,141,264,169,292
road801.png,speedlimit,150,131,210,191
road747.png,speedlimit,235,99,299,171
road747.png,speedlimit,228,214,298,288
road140.png,crosswalk,110,81,150,121
road258.png,speedlimit,136,131,176,173
road799.png,speedlimit,168,187,206,225
road854.png,speedlimit,117,130,150,162
road837.png,speedlimit,185,37,270,121
road285.png,speedlimit,120,135,155,171
road285.png,speedlimit,40,310,52,322
road285.png,trafficlight,35,322,43,338
road621.png,speedlimit,92,273,121,303
road246.png,speedlimit,152,167,182,198
road602.png,speedlimit,88,195,118,225
road301.png,speedlimit,114,168,168,221
road157.png,speedlimit,198,65,234,100
road874.png,speedlimit,93,129,136,174
road874.png,speedlimit,84,205,96,217
road874.png,stop,192,224,205,239
road149.png,crosswalk,123,36,277,158
road58.png,stop,58,24,331,295
road296.png,speedlimit,62,214,114,273
road445.png,speedlimit,86,107,140,163
road815.png,speedlimit,123,152,163,193
road543.png,speedlimit,78,227,124,272
road543.png,crosswalk,36,290,49,303
road737.png,speedlimit,115,151,143,179
road737.png,speedlimit,114,198,142,225
road525.png,speedlimit,96,187,140,230
road751.png,speedlimit,85,154,116,185
road751.png,speedlimit,126,154,157,185
road339.png,stop,92,46,206,163
road581.png,crosswalk,101,117,144,161
road703.png,speedlimit,214,127,249,176
road703.png,speedlimit,217,202,255,252
road790.png,speedlimit,118,210,142,234
road790.png,speedlimit,206,269,216,280
road291.png,speedlimit,124,186,170,234
road660.png,speedlimit,132,189,193,250
road530.png,speedlimit,80,172,93,185
road530.png,crosswalk,169,236,178,246
road414.png,speedlimit,167,222,211,266
road300.png,crosswalk,134,117,205,218
road300.png,trafficlight,73,172,110,280
road117.png,speedlimit,224,32,289,103
road821.png,stop,108,106,156,153
road821.png,crosswalk,147,174,193,223
road821.png,trafficlight,120,176,149,258
road821.png,trafficlight,103,205,119,258
road821.png,trafficlight,22,215,38,243
road821.png,trafficlight,0,281,7,306
road821.png,trafficlight,81,266,109,308
road821.png,crosswalk,218,273,232,293
road101.png,speedlimit,195,7,392,194
road464.png,crosswalk,152,262,209,319
road464.png,speedlimit,112,127,166,182
road464.png,trafficlight,109,253,144,347
road48.png,trafficlight,179,182,226,300
road48.png,trafficlight,128,187,180,290
road773.png,speedlimit,184,188,204,208
road669.png,crosswalk,56,319,65,330
road669.png,speedlimit,114,170,155,212
road443.png,speedlimit,103,148,141,186
road444.png,speedlimit,146,122,190,166
road109.png,speedlimit,243,120,276,150
road183.png,crosswalk,163,143,208,191
road183.png,crosswalk,96,160,111,176
road183.png,trafficlight,128,155,145,203
road766.png,speedlimit,134,188,174,227
road206.png,speedlimit,90,137,115,174
road836.png,speedlimit,145,125,206,185
road434.png,speedlimit,98,232,146,280
road114.png,speedlimit,254,32,319,102
road75.png,stop,231,65,327,159
road198.png,speedlimit,74,240,108,276
road43.png,trafficlight,10,93,24,124
road43.png,trafficlight,90,86,105,116
road43.png,trafficlight,175,81,191,112
road43.png,trafficlight,262,129,276,151
road43.png,trafficlight,329,127,340,149
road121.png,speedlimit,157,25,379,250
road526.png,speedlimit,143,167,192,217
road516.png,speedlimit,84,133,163,210
road574.png,speedlimit,86,202,206,327
road574.png,crosswalk,92,333,211,400
road711.png,speedlimit,80,151,116,185
road711.png,speedlimit,78,207,115,242
road377.png,speedlimit,118,173,153,208
road845.png,speedlimit,157,190,179,212
road845.png,crosswalk,267,235,292,261
road845.png,trafficlight,252,238,269,284
road290.png,speedlimit,105,157,171,224
road84.png,stop,98,85,171,152
road218.png,speedlimit,164,190,175,199
road792.png,speedlimit,105,219,143,258
road792.png,speedlimit,146,315,158,327
road236.png,speedlimit,143,152,151,162
road236.png,speedlimit,155,153,164,163
road163.png,speedlimit,28,155,176,307
road861.png,speedlimit,123,100,171,148
road241.png,speedlimit,136,200,155,218
road241.png,speedlimit,156,201,175,220
road312.png,speedlimit,7,36,167,267
road678.png,speedlimit,142,187,177,225
road537.png,speedlimit,68,212,100,244
road187.png,crosswalk,179,180,206,207
road725.png,speedlimit,58,196,126,264
road693.png,speedlimit,55,134,141,221
road693.png,speedlimit,54,270,140,357
road706.png,speedlimit,136,92,177,135
road706.png,speedlimit,135,159,177,201
road137.png,crosswalk,207,38,334,165
road230.png,speedlimit,124,193,138,207
road230.png,speedlimit,142,193,156,207
road237.png,speedlimit,125,158,140,174
road237.png,speedlimit,144,159,157,173
road609.png,speedlimit,57,222,92,259
road609.png,crosswalk,14,237,44,266
road139.png,crosswalk,107,39,323,222
road100.png,speedlimit,35,5,363,326
road28.png,trafficlight,171,2,188,34
road28.png,trafficlight,273,57,291,90
road28.png,trafficlight,259,60,273,91
road610.png,speedlimit,12,234,60,285
road327.png,speedlimit,92,173,153,234
road327.png,trafficlight,16,282,50,331
road490.png,speedlimit,133,123,183,171
road390.png,speedlimit,199,63,253,115
road453.png,speedlimit,92,147,176,235
road813.png,speedlimit,98,173,124,197
road65.png,stop,75,119,203,245
road476.png,speedlimit,68,165,128,224
road600.png,speedlimit,136,207,155,226
road399.png,speedlimit,93,173,133,212
road562.png,crosswalk,73,275,130,332
road562.png,speedlimit,75,219,128,272
road789.png,speedlimit,113,169,166,222
road131.png,crosswalk,156,8,177,31
road131.png,crosswalk,298,119,319,143
road131.png,trafficlight,23,156,30,165
road307.png,crosswalk,93,100,161,200
road307.png,trafficlight,32,158,71,267
road351.png,speedlimit,111,112,191,190
road212.png,speedlimit,149,198,160,209
road374.png,stop,86,135,151,200
road169.png,speedlimit,55,193,104,255
road369.png,speedlimit,106,140,160,194
road6.png,trafficlight,95,153,176,327
road68.png,stop,30,27,272,249
road397.png,speedlimit,128,55,222,148
road251.png,speedlimit,199,190,229,222
road99.png,stop,41,35,222,214
road577.png,speedlimit,201,100,240,137
road577.png,crosswalk,201,140,243,181
road752.png,speedlimit,60,132,102,175
road752.png,speedlimit,113,130,155,172
road625.png,speedlimit,78,131,128,180
road52.png,stop,42,166,246,367
road357.png,speedlimit,81,90,203,210
road856.png,speedlimit,129,71,173,115
road572.png,speedlimit,55,212,128,289
road572.png,crosswalk,54,294,128,375
road584.png,speedlimit,145,161,175,190
road731.png,speedlimit,66,155,112,201
road731.png,speedlimit,68,225,114,272
road841.png,speedlimit,107,144,148,185
road841.png,crosswalk,135,298,178,342
road511.png,speedlimit,114,160,169,213
road40.png,trafficlight,49,4,77,74
road40.png,trafficlight,106,16,132,88
road40.png,trafficlight,160,28,185,97
road800.png,speedlimit,189,184,237,232
road119.png,speedlimit,225,31,337,144
road11.png,trafficlight,188,98,207,132
road11.png,trafficlight,317,172,331,200
road260.png,speedlimit,128,128,196,203
road81.png,stop,70,41,218,187
road408.png,speedlimit,146,171,165,191
road53.png,stop,9,110,140,240
road478.png,speedlimit,114,76,198,160
road151.png,crosswalk,147,37,266,186
road405.png,speedlimit,150,262,174,286
road832.png,speedlimit,74,42,196,161
road560.png,crosswalk,145,254,189,298
road560.png,speedlimit,147,211,188,252
road379.png,speedlimit,174,145,211,182
road16.png,trafficlight,225,43,241,82
road16.png,trafficlight,106,106,118,127
road334.png,speedlimit,110,169,142,202
road750.png,speedlimit,58,136,83,162
road750.png,speedlimit,91,136,115,161
road592.png,speedlimit,44,133,106,195
road398.png,speedlimit,171,233,204,266
road333.png,speedlimit,151,223,212,286
road172.png,speedlimit,134,168,152,186
road552.png,speedlimit,133,157,202,225
road366.png,speedlimit,77,100,136,156
road231.png,speedlimit,128,195,149,216
road231.png,speedlimit,153,195,173,214
road749.png,speedlimit,85,156,107,178
road749.png,speedlimit,113,156,135,178
road343.png,speedlimit,121,141,167,186
road108.png,speedlimit,174,128,186,139
road534.png,crosswalk,14,386,36,399
road534.png,crosswalk,158,384,174,399
road534.png,speedlimit,174,242,243,312
road55.png,stop,113,88,201,179
road604.png,speedlimit,76,94,123,142
road317.png,speedlimit,116,161,201,245
road317.png,stop,108,86,186,163
road125.png,crosswalk,15,26,168,157
road70.png,stop,148,71,288,173
road273.png,speedlimit,112,190,147,225
road644.png,speedlimit,147,157,213,222
road133.png,crosswalk,103,51,220,168
road724.png,speedlimit,88,160,143,216
road392.png,speedlimit,146,203,177,233
road228.png,speedlimit,156,179,172,196
road228.png,speedlimit,176,179,191,195
road362.png,speedlimit,82,164,151,232
road269.png,speedlimit,136,111,218,192
road695.png,speedlimit,134,170,156,192
road695.png,speedlimit,135,205,156,225
road651.png,speedlimit,177,113,221,160
road652.png,speedlimit,135,174,153,191
road652.png,speedlimit,80,182,93,196
road652.png,crosswalk,99,165,116,183
road568.png,speedlimit,101,240,149,292
road851.png,speedlimit,113,118,134,139
road620.png,speedlimit,123,222,150,250
road400.png,speedlimit,166,203,212,248
road515.png,speedlimit,180,131,213,163
road809.png,speedlimit,130,195,161,226
road475.png,speedlimit,48,154,97,203
road503.png,speedlimit,107,196,145,236
road224.png,speedlimit,146,192,159,205
road709.png,speedlimit,135,190,158,212
road709.png,speedlimit,134,226,157,249
road662.png,speedlimit,77,152,125,199
road191.png,speedlimit,178,169,209,205
road868.png,speedlimit,92,109,158,176
road17.png,trafficlight,104,119,144,171
road555.png,speedlimit,54,257,121,324
road205.png,crosswalk,149,178,259,287
road454.png,speedlimit,100,233,127,263
road213.png,speedlimit,88,146,101,159
road407.png,speedlimit,167,219,179,230
road328.png,speedlimit,91,111,177,200
road776.png,speedlimit,73,191,125,242
road871.png,speedlimit,123,194,150,221
road315.png,crosswalk,56,238,73,256
road315.png,speedlimit,122,168,156,202
road166.png,crosswalk,53,177,114,241
road93.png,stop,179,24,354,196
road598.png,crosswalk,35,216,74,255
road598.png,speedlimit,94,124,151,179
road491.png,speedlimit,140,131,202,191
road641.png,speedlimit,98,71,158,130
road633.png,stop,98,107,137,145
road569.png,speedlimit,136,257,184,310
road128.png,crosswalk,216,51,341,191
road588.png,speedlimit,93,204,117,228
road19.png,trafficlight,99,104,119,157
road141.png,crosswalk,147,74,244,163
road147.png,crosswalk,129,27,259,161
road79.png,stop,75,21,312,241
road90.png,stop,172,94,249,174
road553.png,speedlimit,122,232,194,304
road763.png,speedlimit,153,218,175,239
road277.png,speedlimit,167,101,227,160
road319.png,speedlimit,127,189,171,234
road319.png,trafficlight,85,251,114,296
road319.png,crosswalk,154,285,169,302
road655.png,speedlimit,78,214,98,234
road655.png,speedlimit,179,198,206,223
road655.png,crosswalk,114,189,138,212
road161.png,speedlimit,178,50,230,102
road429.png,speedlimit,97,218,135,256
road67.png,stop,112,64,259,216
road30.png,trafficlight,40,6,101,121
road570.png,speedlimit,104,271,152,322
road686.png,speedlimit,60,269,167,377
road330.png,speedlimit,86,108,129,152
road82.png,stop,58,55,208,206
road275.png,trafficlight,243,268,300,375
road275.png,stop,100,133,162,196
road275.png,crosswalk,289,265,300,328
road493.png,speedlimit,74,98,167,189
road862.png,speedlimit,214,29,287,101
road286.png,speedlimit,107,135,177,204
road825.png,trafficlight,5,335,24,363
road825.png,trafficlight,146,169,183,264
road825.png,trafficlight,117,209,141,272
road825.png,stop,127,104,175,155
road825.png,crosswalk,178,178,214,232
road825.png,crosswalk,90,340,100,354
road132.png,crosswalk,184,23,243,82
road661.png,speedlimit,116,217,192,296
road623.png,speedlimit,100,203,137,241
road259.png,speedlimit,139,65,214,138
road509.png,speedlimit,129,165,167,202
road148.png,crosswalk,213,59,299,184
road518.png,speedlimit,157,165,184,191
road833.png,speedlimit,120,152,146,177
road672.png,speedlimit,183,162,216,196
road102.png,speedlimit,37,38,243,245
road579.png,crosswalk,172,157,198,183
road12.png,trafficlight,136,92,155,133
road12.png,trafficlight,294,97,318,135
road499.png,speedlimit,161,170,214,235
road494.png,speedlimit,82,96,208,223
road144.png,crosswalk,103,19,328,210
road689.png,speedlimit,119,177,156,212
road689.png,speedlimit,119,233,155,269
road174.png,speedlimit,154,83,198,132
road391.png,speedlimit,232,29,297,93
road857.png,speedlimit,113,119,175,181
road869.png,speedlimit,83,124,168,208
road412.png,speedlimit,160,191,186,217
road442.png,speedlimit,91,138,119,165
road682.png,speedlimit,100,212,148,260
road404.png,speedlimit,48,220,134,319
road753.png,speedlimit,61,137,118,192
road753.png,speedlimit,133,136,187,189
road496.png,speedlimit,47,165,72,201
road254.png,speedlimit,108,73,156,121
road372.png,speedlimit,88,168,150,231
road247.png,speedlimit,139,218,156,236
road247.png,speedlimit,141,245,158,261
road683.png,speedlimit,86,204,140,259
road431.png,speedlimit,24,212,82,271
road232.png,speedlimit,127,221,142,234
road232.png,speedlimit,144,222,156,234
road349.png,speedlimit,77,247,181,359
road726.png,speedlimit,137,156,219,238
road673.png,stop,90,169,109,189
road769.png,speedlimit,143,175,168,204
road459.png,speedlimit,111,142,177,210
road459.png,crosswalk,158,313,216,383
road459.png,trafficlight,104,300,146,398
road764.png,speedlimit,102,177,127,203
road531.png,speedlimit,208,176,232,201
road531.png,crosswalk,229,211,241,225
road531.png,crosswalk,184,219,193,231
road531.png,crosswalk,155,214,167,226
road531.png,crosswalk,93,216,105,227
road780.png,speedlimit,73,190,103,220
road780.png,crosswalk,136,226,156,252
road97.png,stop,42,66,130,154
road267.png,speedlimit,99,119,136,157
road497.png,speedlimit,101,161,130,198
road680.png,speedlimit,156,123,203,175
road94.png,stop,97,64,318,242
road699.png,speedlimit,131,156,176,203
road699.png,speedlimit,130,230,175,276
road556.png,speedlimit,116,268,193,343
road835.png,speedlimit,121,126,163,168
road829.png,speedlimit,94,141,167,212
road628.png,speedlimit,53,123,144,214
road192.png,speedlimit,133,223,205,300
road701.png,speedlimit,235,117,300,190
road701.png,speedlimit,237,232,300,306
road80.png,stop,13,18,381,383
road601.png,speedlimit,129,191,155,216
road846.png,trafficlight,208,224,228,278
road846.png,crosswalk,226,220,257,253
road846.png,speedlimit,86,169,112,195
road567.png,speedlimit,116,246,166,299
road96.png,stop,209,58,326,179
road87.png,stop,139,74,257,191
road85.png,stop,80,145,230,292
road645.png,speedlimit,67,142,148,223
road305.png,speedlimit,88,58,236,281
road761.png,speedlimit,169,151,187,169
road774.png,speedlimit,186,162,207,186
road393.png,speedlimit,147,255,180,289
road561.png,speedlimit,57,210,105,258
road561.png,crosswalk,55,262,106,312
road29.png,trafficlight,116,45,219,117
road29.png,trafficlight,94,104,191,153
road406.png,speedlimit,111,233,139,260
road646.png,speedlimit,0,270,108,380
road159.png,speedlimit,155,148,229,225
road173.png,speedlimit,55,93,136,176
road126.png,crosswalk,102,80,174,179
road777.png,speedlimit,50,141,114,205
road461.png,speedlimit,97,184,175,263
road461.png,crosswalk,154,381,240,400
road461.png,trafficlight,93,367,143,400
road360.png,speedlimit,75,184,119,228
road520.png,speedlimit,167,140,214,186
road340.png,speedlimit,95,280,160,346
road470.png,speedlimit,67,188,126,248
road35.png,trafficlight,77,83,189,123
road485.png,speedlimit,47,125,181,254
road345.png,speedlimit,90,287,185,381
road540.png,speedlimit,145,271,183,309
road808.png,speedlimit,115,199,135,219
road541.png,speedlimit,93,205,134,246
road120.png,speedlimit,79,20,230,229
road528.png,speedlimit,86,191,134,244
road528.png,crosswalk,0,1,168,87
road116.png,speedlimit,310,29,369,79
road309.png,speedlimit,125,86,195,155
road309.png,crosswalk,126,172,197,242
road853.png,speedlimit,103,133,131,160
road253.png,speedlimit,128,87,187,144
road817.png,speedlimit,117,166,187,235
road47.png,trafficlight,223,25,337,267
road758.png,speedlimit,73,168,107,203
road508.png,speedlimit,55,130,165,238
road115.png,speedlimit,141,63,244,161
road197.png,speedlimit,209,132,243,168
road506.png,speedlimit,57,234,129,305
road456.png,speedlimit,101,182,152,235
road156.png,crosswalk,180,0,389,206
road156.png,trafficlight,105,93,158,211
road76.png,stop,29,91,162,233
road250.png,speedlimit,138,234,157,253
road527.png,speedlimit,103,178,152,230
road498.png,speedlimit,86,130,118,171
